{"training loss": 0.00993720255792141, "_timestamp": 1673374051.4987495, "_runtime": 220.31057238578796, "_step": 979, "_wandb": {"runtime": 220}}