{"training loss": 0.08480224013328552, "_timestamp": 1673432830.231359, "_runtime": 278.55217003822327, "_step": 979, "_wandb": {"runtime": 284}}