{"training loss": 0.022107485681772232, "_timestamp": 1673440487.6467595, "_runtime": 282.8240294456482, "_step": 881}