{"training loss": 0.0196940079331398, "_timestamp": 1673432116.394665, "_runtime": 210.98095893859863, "_step": 979, "_wandb": {"runtime": 217}}