{"training loss": 0.028349418193101883, "_timestamp": 1673441024.5820985, "_runtime": 467.7288565635681, "_step": 1020, "examples": {"_type": "images/separated", "width": 28, "height": 28, "format": "png", "count": 8, "filenames": ["media/images/examples_1019_66f99a0cafb598d6b0d2.png", "media/images/examples_1019_0a2df927d104282b3632.png", "media/images/examples_1019_37de773335d0a325251d.png", "media/images/examples_1019_80f048ed09214aa54d08.png", "media/images/examples_1019_661ae523fc6f38e0d5f6.png", "media/images/examples_1019_01c0e37023a18e8287d5.png", "media/images/examples_1019_f626d428bd4618176a32.png", "media/images/examples_1019_9390664f9d888a1e5e51.png"], "captions": ["GT: 0  Pred: 0", "GT: 7  Pred: 7", "GT: 7  Pred: 7", "GT: 2  Pred: 2", "GT: 3  Pred: 3", "GT: 2  Pred: 2", "GT: 4  Pred: 4", "GT: 0  Pred: 0"]}, "Test set accuracy ": 0.9474, "_wandb": {"runtime": 467}}